EmployeeName,JobTitle,BasePay,OvertimePay,OtherPay,Benefits,TotalPay,TotalPayBenefits,Year
RASMI CHAN,FIREFIGHTER,105934.64,89485.44,18117.80,Not Provided,213537.88,213537.88,2011
Rasmi Chan,Firefighter,109783.87,48987.80,16779.78,38497.05,175551.45,214048.5,2012
Rasmi Chan,Firefighter,112703.75,41698.54,22401.17,42769.91,176803.46,219573.37,2014
Rasmi Chan,Firefighter,112159.76,70582.92,19094.19,39796.89,201836.87,241633.76,2015
Rasmi Chan,Firefighter,114877.53,57048.65,19316.16,38922.90,191242.34,230165.24,2016
Rasmi Chan,Firefighter,117174.05,33574.59,19638.39,41097.79,170387.03,211484.82,2017
Rasmi Chan,Firefighter,120066.04,30085.32,19271.67,42736.10,169423.03,212159.13,2018
